usuario,dtIni,dfFin,PicoCPU,PicoRam,PicoMem,MediaCPU,MediaRam,MediaMem,PicoVelEnvio,MedVelEnvio,PicoVelReceb,MediaVelReceb,PicoTemp,MediaTemp
muril,2026-03-06 10:35:27,2026-03-06 10:35:27,49.6%,86.39%,56.8%,49.6%,1.44%,56.8%,0.0Mbps,0.0Mbps,0.0Mbps,0.0Mbps,SysUnsurpC,SysUnsurpC
muril,2026-03-06 10:35:27,2026-03-06 10:35:27,49.6%,86.39%,56.8%,49.6%,1.44%,56.8%,0.0Mbps,0.0Mbps,0.0Mbps,0.0Mbps,SysUnsurpC,SysUnsurpC
muril,2026-03-06 10:35:27,2026-03-06 10:35:27,49.6%,86.39%,56.8%,49.6%,1.44%,56.8%,0.0Mbps,0.0Mbps,0.0Mbps,0.0Mbps,SysUnsurpC,SysUnsurpC
muril,2026-03-06 10:35:27,2026-03-06 10:35:27,49.6%,86.39%,56.8%,49.6%,1.44%,56.8%,0.0Mbps,0.0Mbps,0.0Mbps,0.0Mbps,SysUnsurpC,SysUnsurpC
muril,2026-03-06 10:35:27,2026-03-06 10:35:27,49.6%,86.39%,56.8%,49.6%,1.44%,56.8%,0.0Mbps,0.0Mbps,0.0Mbps,0.0Mbps,SysUnsurpC,SysUnsurpC
muril,2026-03-06 10:35:27,2026-03-06 10:35:27,49.6%,86.39%,56.8%,49.6%,1.44%,56.8%,0.0Mbps,0.0Mbps,0.0Mbps,0.0Mbps,SysUnsurpC,SysUnsurpC
muril,2026-03-06 10:35:27,2026-03-06 10:35:27,49.6%,86.39%,56.8%,49.6%,1.44%,56.8%,0.0Mbps,0.0Mbps,0.0Mbps,0.0Mbps,SysUnsurpC,SysUnsurpC
muril,2026-03-06 10:35:27,2026-03-06 10:35:37,82.3%,86.78%,56.8%,63.23%,1.44%,56.8%,0.0Mbps,0.0Mbps,0.0Mbps,0.0Mbps,SysUnsurpC,SysUnsurpC
muril,2026-03-06 10:35:37,2026-03-06 10:35:37,82.3%,86.78%,56.8%,82.3%,1.45%,56.8%,0.0Mbps,0.0Mbps,0.0Mbps,0.0Mbps,SysUnsurpC,SysUnsurpC
muril,2026-03-06 10:35:37,2026-03-06 10:35:37,82.3%,86.78%,56.8%,82.3%,1.45%,56.8%,0.0Mbps,0.0Mbps,0.0Mbps,0.0Mbps,SysUnsurpC,SysUnsurpC
muril,2026-03-06 10:35:37,2026-03-06 10:35:37,82.3%,86.78%,56.8%,82.3%,1.45%,56.8%,0.0Mbps,0.0Mbps,0.0Mbps,0.0Mbps,SysUnsurpC,SysUnsurpC
muril,2026-03-06 10:35:37,2026-03-06 10:35:37,82.3%,86.78%,56.8%,82.3%,1.45%,56.8%,0.0Mbps,0.0Mbps,0.0Mbps,0.0Mbps,SysUnsurpC,SysUnsurpC
muril,2026-03-06 10:35:37,2026-03-06 10:35:37,82.3%,86.78%,56.8%,82.3%,1.45%,56.8%,0.0Mbps,0.0Mbps,0.0Mbps,0.0Mbps,SysUnsurpC,SysUnsurpC
muril,2026-03-06 10:35:37,2026-03-06 10:35:37,82.3%,86.78%,56.8%,82.3%,1.45%,56.8%,0.0Mbps,0.0Mbps,0.0Mbps,0.0Mbps,SysUnsurpC,SysUnsurpC
muril,2026-03-06 10:40:02,2026-03-06 10:40:02,70.1%,84.85%,56.8%,70.1%,1.41%,56.8%,49805.0Mbps,49805.0Mbps,85117.0Mbps,85117.0Mbps,SysUnsurpC,SysUnsurpC
muril,2026-03-06 10:40:02,2026-03-06 10:40:02,70.1%,84.85%,56.8%,70.1%,1.41%,56.8%,49805.0Mbps,49805.0Mbps,85117.0Mbps,85117.0Mbps,SysUnsurpC,SysUnsurpC
muril,2026-03-06 10:40:02,2026-03-06 10:40:02,70.1%,84.85%,56.8%,70.1%,1.41%,56.8%,49805.0Mbps,49805.0Mbps,85117.0Mbps,85117.0Mbps,SysUnsurpC,SysUnsurpC
muril,2026-03-06 10:40:02,2026-03-06 10:40:02,70.1%,84.85%,56.8%,70.1%,1.41%,56.8%,49805.0Mbps,49805.0Mbps,85117.0Mbps,85117.0Mbps,SysUnsurpC,SysUnsurpC
muril,2026-03-06 10:40:02,2026-03-06 10:40:02,70.1%,84.85%,56.8%,70.1%,1.41%,56.8%,49805.0Mbps,49805.0Mbps,85117.0Mbps,85117.0Mbps,SysUnsurpC,SysUnsurpC
muril,2026-03-06 10:40:02,2026-03-06 10:40:02,70.1%,84.85%,56.8%,70.1%,1.41%,56.8%,49805.0Mbps,49805.0Mbps,85117.0Mbps,85117.0Mbps,SysUnsurpC,SysUnsurpC
muril,2026-03-06 10:40:02,2026-03-06 10:40:02,70.1%,84.85%,56.8%,70.1%,1.41%,56.8%,49805.0Mbps,49805.0Mbps,85117.0Mbps,85117.0Mbps,SysUnsurpC,SysUnsurpC
muril,2026-03-06 10:40:02,2026-03-06 10:40:02,70.1%,84.85%,56.8%,70.1%,1.41%,56.8%,49805.0Mbps,49805.0Mbps,85117.0Mbps,85117.0Mbps,SysUnsurpC,SysUnsurpC
muril,2026-03-06 10:40:02,2026-03-06 10:40:12,70.1%,84.98%,56.8%,57.3%,1.42%,56.8%,56740.0Mbps,55353.0Mbps,85117.0Mbps,84518.57924003707Mbps,SysUnsurpC,SysUnsurpC
muril,2026-03-06 10:40:12,2026-03-06 10:40:12,54.1%,84.98%,56.8%,54.1%,1.42%,56.8%,56740.0Mbps,56740.0Mbps,85117.0Mbps,83905.3102585488Mbps,SysUnsurpC,SysUnsurpC
muril,2026-03-06 10:40:12,2026-03-06 10:40:12,54.1%,84.98%,56.8%,54.1%,1.42%,56.8%,56740.0Mbps,56740.0Mbps,85117.0Mbps,83403.62926459439Mbps,SysUnsurpC,SysUnsurpC
muril,2026-03-06 10:40:12,2026-03-06 10:40:12,54.1%,84.98%,56.8%,54.1%,1.42%,56.8%,56740.0Mbps,56740.0Mbps,85117.0Mbps,82985.61987491313Mbps,SysUnsurpC,SysUnsurpC
muril,2026-03-06 10:40:12,2026-03-06 10:40:12,54.1%,84.98%,56.8%,54.1%,1.42%,56.8%,56740.0Mbps,56740.0Mbps,85117.0Mbps,82631.96087235407Mbps,SysUnsurpC,SysUnsurpC
muril,2026-03-06 10:40:12,2026-03-06 10:40:12,54.1%,84.98%,56.8%,54.1%,1.42%,56.8%,56740.0Mbps,56740.0Mbps,85117.0Mbps,82328.85467540202Mbps,SysUnsurpC,SysUnsurpC
muril,2026-03-06 10:40:12,2026-03-06 10:40:12,54.1%,84.98%,56.8%,54.1%,1.42%,56.8%,56740.0Mbps,56740.0Mbps,85117.0Mbps,82066.1851028349Mbps,SysUnsurpC,SysUnsurpC
muril,2026-03-06 10:40:12,2026-03-06 10:40:12,54.1%,84.98%,56.8%,54.1%,1.42%,56.8%,56740.0Mbps,56740.0Mbps,85117.0Mbps,81836.36633663367Mbps,SysUnsurpC,SysUnsurpC
muril,2026-03-06 10:40:12,2026-03-06 10:40:12,54.1%,84.98%,56.8%,54.1%,1.42%,56.8%,56740.0Mbps,56740.0Mbps,85117.0Mbps,81633.59833251593Mbps,SysUnsurpC,SysUnsurpC
muril,2026-03-06 10:40:12,2026-03-06 10:40:12,54.1%,84.98%,56.8%,54.1%,1.42%,56.8%,56740.0Mbps,56740.0Mbps,85117.0Mbps,81453.37054191755Mbps,SysUnsurpC,SysUnsurpC
muril,2026-03-06 10:40:12,2026-03-06 10:40:12,54.1%,84.98%,56.8%,54.1%,1.42%,56.8%,56740.0Mbps,56740.0Mbps,85117.0Mbps,81292.12242211496Mbps,SysUnsurpC,SysUnsurpC
muril,2026-03-06 10:40:12,2026-03-06 10:40:12,54.1%,84.98%,56.8%,54.1%,1.42%,56.8%,56740.0Mbps,56740.0Mbps,85117.0Mbps,81147.0058357649Mbps,SysUnsurpC,SysUnsurpC
muril,2026-03-06 10:40:12,2026-03-06 10:40:12,54.1%,84.98%,56.8%,54.1%,1.42%,56.8%,56740.0Mbps,56740.0Mbps,85117.0Mbps,81015.71536323937Mbps,SysUnsurpC,SysUnsurpC
muril,2026-03-06 10:40:12,2026-03-06 10:40:22,77.3%,85.37%,56.8%,70.34%,1.42%,56.8%,62678.0Mbps,60896.6Mbps,85117.0Mbps,80206.60363774157Mbps,SysUnsurpC,SysUnsurpC
muril,2026-03-06 10:40:22,2026-03-06 10:40:22,77.3%,85.37%,56.8%,77.3%,1.42%,56.8%,62678.0Mbps,62678.0Mbps,85117.0Mbps,79185.12033345415Mbps,SysUnsurpC,SysUnsurpC
muril,2026-03-06 10:40:22,2026-03-06 10:40:22,77.3%,85.37%,56.8%,77.3%,1.42%,56.8%,62678.0Mbps,62678.0Mbps,85117.0Mbps,78248.79020493227Mbps,SysUnsurpC,SysUnsurpC
muril,2026-03-06 10:40:22,2026-03-06 10:40:22,77.3%,85.37%,56.8%,77.3%,1.42%,56.8%,62678.0Mbps,62678.0Mbps,85117.0Mbps,77387.39146382127Mbps,SysUnsurpC,SysUnsurpC
muril,2026-03-06 10:40:22,2026-03-06 10:40:22,77.3%,85.37%,56.8%,77.3%,1.42%,56.8%,62678.0Mbps,62678.0Mbps,85117.0Mbps,76592.27540878487Mbps,SysUnsurpC,SysUnsurpC
muril,2026-03-06 10:40:22,2026-03-06 10:40:22,77.3%,85.37%,56.8%,77.3%,1.42%,56.8%,62678.0Mbps,62678.0Mbps,85117.0Mbps,75856.0750231553Mbps,SysUnsurpC,SysUnsurpC
muril,2026-03-06 10:40:22,2026-03-06 10:40:22,77.3%,85.37%,56.8%,77.3%,1.42%,56.8%,62678.0Mbps,62678.0Mbps,85117.0Mbps,75172.47603453409Mbps,SysUnsurpC,SysUnsurpC
muril,2026-03-06 10:40:22,2026-03-06 10:40:22,77.3%,85.37%,56.8%,77.3%,1.42%,56.8%,62678.0Mbps,62678.0Mbps,85117.0Mbps,74536.03535498706Mbps,SysUnsurpC,SysUnsurpC
muril,2026-03-06 10:40:22,2026-03-06 10:40:22,77.3%,85.37%,56.8%,77.3%,1.42%,56.8%,62678.0Mbps,62678.0Mbps,85117.0Mbps,73942.0358432898Mbps,SysUnsurpC,SysUnsurpC
muril,2026-03-06 10:40:22,2026-03-06 10:40:22,77.3%,85.37%,56.8%,77.3%,1.42%,56.8%,62678.0Mbps,62678.0Mbps,85117.0Mbps,73386.36918526486Mbps,SysUnsurpC,SysUnsurpC
muril,2026-03-06 10:40:22,2026-03-06 10:40:22,77.3%,85.37%,56.8%,77.3%,1.42%,56.8%,62678.0Mbps,62678.0Mbps,85117.0Mbps,72865.44073977598Mbps,SysUnsurpC,SysUnsurpC
muril,2026-03-06 10:40:22,2026-03-06 10:40:22,77.3%,85.37%,56.8%,77.3%,1.42%,56.8%,62678.0Mbps,62678.0Mbps,85117.0Mbps,72376.09168982066Mbps,SysUnsurpC,SysUnsurpC
muril,2026-03-06 10:40:22,2026-03-06 10:40:22,77.3%,85.37%,56.8%,77.3%,1.42%,56.8%,62678.0Mbps,62678.0Mbps,85117.0Mbps,71915.5349350331Mbps,SysUnsurpC,SysUnsurpC
muril,2026-03-06 10:40:22,2026-03-06 10:40:22,77.3%,85.37%,56.8%,77.3%,1.42%,56.8%,62678.0Mbps,62678.0Mbps,85117.0Mbps,71481.30197666111Mbps,SysUnsurpC,SysUnsurpC
muril,2026-03-06 10:40:22,2026-03-06 10:40:22,77.3%,85.37%,56.8%,77.3%,1.42%,56.8%,62678.0Mbps,62678.0Mbps,85117.0Mbps,71071.19865709655Mbps,SysUnsurpC,SysUnsurpC
muril,2026-03-06 10:40:22,2026-03-06 10:40:22,77.3%,85.37%,56.8%,77.3%,1.42%,56.8%,62678.0Mbps,62678.0Mbps,85117.0Mbps,70683.26807839604Mbps,SysUnsurpC,SysUnsurpC
muril,2026-03-06 10:40:22,2026-03-06 10:40:32,86.6%,85.37%,56.8%,85.83%,1.42%,56.8%,62678.0Mbps,58531.0Mbps,117474.0Mbps,71781.61373108138Mbps,SysUnsurpC,SysUnsurpC
muril,2026-03-06 10:40:32,2026-03-06 10:40:32,86.6%,84.98%,56.8%,86.6%,1.42%,56.8%,58154.0Mbps,58154.0Mbps,117474.0Mbps,72953.46377431075Mbps,SysUnsurpC,SysUnsurpC
muril,2026-03-06 10:40:32,2026-03-06 10:40:32,86.6%,84.98%,56.8%,86.6%,1.42%,56.8%,58154.0Mbps,58154.0Mbps,117474.0Mbps,74066.70910606376Mbps,SysUnsurpC,SysUnsurpC
muril,2026-03-06 10:40:32,2026-03-06 10:40:32,86.6%,84.98%,56.8%,86.6%,1.42%,56.8%,58154.0Mbps,58154.0Mbps,117474.0Mbps,75125.63874771295Mbps,SysUnsurpC,SysUnsurpC
muril,2026-03-06 10:40:32,2026-03-06 10:40:32,86.6%,84.98%,56.8%,86.6%,1.42%,56.8%,58154.0Mbps,58154.0Mbps,117474.0Mbps,76134.13316134154Mbps,SysUnsurpC,SysUnsurpC
muril,2026-03-06 10:40:32,2026-03-06 10:40:32,86.6%,84.98%,56.8%,86.6%,1.42%,56.8%,58154.0Mbps,58154.0Mbps,117474.0Mbps,77095.71176584609Mbps,SysUnsurpC,SysUnsurpC
muril,2026-03-06 10:40:32,2026-03-06 10:40:32,86.6%,84.98%,56.8%,86.6%,1.42%,56.8%,58154.0Mbps,58154.0Mbps,117474.0Mbps,78013.57397234325Mbps,SysUnsurpC,SysUnsurpC
muril,2026-03-06 10:40:32,2026-03-06 10:40:32,86.6%,84.98%,56.8%,86.6%,1.42%,56.8%,58154.0Mbps,58154.0Mbps,117474.0Mbps,78890.6347471754Mbps,SysUnsurpC,SysUnsurpC
muril,2026-03-06 10:49:56,2026-03-06 10:49:56,49.8%,84.47%,56.8%,49.8%,1.41%,56.8%,0.0Mbps,0.0Mbps,0.0Mbps,0.0Mbps,SysUnsurpC,SysUnsurpC
muril,2026-03-06 10:49:56,2026-03-06 10:49:56,49.8%,84.47%,56.8%,49.8%,1.41%,56.8%,0.0Mbps,0.0Mbps,0.0Mbps,0.0Mbps,SysUnsurpC,SysUnsurpC
muril,2026-03-06 10:49:56,2026-03-06 10:49:56,49.8%,84.47%,56.8%,49.8%,1.41%,56.8%,0.0Mbps,0.0Mbps,0.0Mbps,0.0Mbps,SysUnsurpC,SysUnsurpC
muril,2026-03-06 10:49:56,2026-03-06 10:49:56,49.8%,84.47%,56.8%,49.8%,1.41%,56.8%,0.0Mbps,0.0Mbps,0.0Mbps,0.0Mbps,SysUnsurpC,SysUnsurpC
muril,2026-03-06 10:49:56,2026-03-06 10:49:56,49.8%,84.47%,56.8%,49.8%,1.41%,56.8%,0.0Mbps,0.0Mbps,0.0Mbps,0.0Mbps,SysUnsurpC,SysUnsurpC
muril,2026-03-06 10:49:56,2026-03-06 10:49:56,49.8%,84.47%,56.8%,49.8%,1.41%,56.8%,0.0Mbps,0.0Mbps,0.0Mbps,0.0Mbps,SysUnsurpC,SysUnsurpC
muril,2026-03-06 10:49:56,2026-03-06 10:50:07,99.6%,85.62%,56.8%,54.78%,1.41%,56.8%,0.0Mbps,0.0Mbps,0.0Mbps,0.0Mbps,SysUnsurpC,SysUnsurpC
muril,2026-03-06 10:51:07,2026-03-06 10:51:07,34.7%,78.31%,56.7%,34.7%,1.31%,56.7%,0.04Mbps,0.04Mbps,0.1Mbps,0.1Mbps,SysUnsurpC,SysUnsurpC
muril,2026-03-06 10:51:07,2026-03-06 10:51:07,34.7%,78.31%,56.7%,34.7%,1.31%,56.7%,0.04Mbps,0.04Mbps,0.1Mbps,0.1Mbps,SysUnsurpC,SysUnsurpC
muril,2026-03-06 10:51:07,2026-03-06 10:51:07,34.7%,78.31%,56.7%,34.7%,1.31%,56.7%,0.04Mbps,0.04Mbps,0.1Mbps,0.09999999999999999Mbps,SysUnsurpC,SysUnsurpC
muril,2026-03-06 10:51:07,2026-03-06 10:51:07,34.7%,78.31%,56.7%,34.7%,1.31%,56.7%,0.04Mbps,0.04Mbps,0.1Mbps,0.1Mbps,SysUnsurpC,SysUnsurpC
muril,2026-03-06 10:51:07,2026-03-06 10:51:07,34.7%,78.31%,56.7%,34.7%,1.31%,56.7%,0.04Mbps,0.04Mbps,0.1Mbps,0.1Mbps,SysUnsurpC,SysUnsurpC
muril,2026-03-06 10:51:07,2026-03-06 10:51:07,34.7%,78.31%,56.7%,34.7%,1.31%,56.7%,0.04Mbps,0.04Mbps,0.1Mbps,0.1Mbps,SysUnsurpC,SysUnsurpC
muril,2026-03-06 10:51:07,2026-03-06 10:51:07,34.7%,78.31%,56.7%,34.7%,1.31%,56.7%,0.04Mbps,0.04Mbps,0.1Mbps,0.1Mbps,SysUnsurpC,SysUnsurpC
muril,2026-03-06 10:51:07,2026-03-06 10:51:07,34.7%,78.31%,56.7%,34.7%,1.31%,56.7%,0.04Mbps,0.04Mbps,0.1Mbps,0.1Mbps,SysUnsurpC,SysUnsurpC
muril,2026-03-06 10:51:07,2026-03-06 10:51:18,88.5%,78.82%,56.7%,35.6%,1.31%,56.7%,0.09Mbps,0.04083333333333334Mbps,0.2Mbps,0.10018535681186284Mbps,SysUnsurpC,SysUnsurpC
muril,2026-03-06 10:51:18,2026-03-06 10:51:18,88.5%,78.82%,56.7%,88.5%,1.31%,56.7%,0.09Mbps,0.09Mbps,0.2Mbps,0.11017514595496246Mbps,SysUnsurpC,SysUnsurpC
muril,2026-03-06 10:51:18,2026-03-06 10:51:18,88.5%,78.82%,56.7%,88.5%,1.31%,56.7%,0.09Mbps,0.09Mbps,0.2Mbps,0.11834723275208493Mbps,SysUnsurpC,SysUnsurpC
muril,2026-03-06 10:51:18,2026-03-06 10:51:18,88.5%,78.82%,56.7%,88.5%,1.31%,56.7%,0.09Mbps,0.09Mbps,0.2Mbps,0.12515635858234886Mbps,SysUnsurpC,SysUnsurpC
muril,2026-03-06 10:51:18,2026-03-06 10:51:18,88.5%,78.82%,56.7%,88.5%,1.31%,56.7%,0.09Mbps,0.09Mbps,0.2Mbps,0.13091725465041695Mbps,SysUnsurpC,SysUnsurpC
muril,2026-03-06 10:51:18,2026-03-06 10:51:18,88.5%,78.82%,56.7%,88.5%,1.31%,56.7%,0.09Mbps,0.09Mbps,0.2Mbps,0.13585467540202503Mbps,SysUnsurpC,SysUnsurpC
muril,2026-03-06 10:51:18,2026-03-06 10:51:18,88.5%,78.82%,56.7%,88.5%,1.31%,56.7%,0.09Mbps,0.09Mbps,0.2Mbps,0.14013340744858255Mbps,SysUnsurpC,SysUnsurpC
muril,2026-03-06 10:51:18,2026-03-06 10:51:18,88.5%,78.82%,56.7%,88.5%,1.31%,56.7%,0.09Mbps,0.09Mbps,0.2Mbps,0.14387701928087546Mbps,SysUnsurpC,SysUnsurpC
muril,2026-03-06 10:51:18,2026-03-06 10:51:18,88.5%,78.82%,56.7%,88.5%,1.31%,56.7%,0.09Mbps,0.09Mbps,0.2Mbps,0.14717999019127023Mbps,SysUnsurpC,SysUnsurpC
muril,2026-03-06 10:51:18,2026-03-06 10:51:18,88.5%,78.82%,56.7%,88.5%,1.31%,56.7%,0.09Mbps,0.09Mbps,0.2Mbps,0.15011579434923578Mbps,SysUnsurpC,SysUnsurpC
muril,2026-03-06 10:51:18,2026-03-06 10:51:18,88.5%,78.82%,56.7%,88.5%,1.31%,56.7%,0.09Mbps,0.09Mbps,0.2Mbps,0.15274243089074158Mbps,SysUnsurpC,SysUnsurpC
muril,2026-03-06 10:52:28,2026-03-06 10:52:28,27.8%,79.72%,56.7%,27.8%,1.33%,56.7%,69.63Mbps,69.62999999999998Mbps,97.95Mbps,97.95Mbps,SysUnsurpC,SysUnsurpC
muril,2026-03-06 10:52:28,2026-03-06 10:52:28,27.8%,79.72%,56.7%,27.8%,1.33%,56.7%,69.63Mbps,69.62999999999998Mbps,97.95Mbps,97.95Mbps,SysUnsurpC,SysUnsurpC
muril,2026-03-06 10:52:28,2026-03-06 10:52:28,27.8%,79.72%,56.7%,27.8%,1.33%,56.7%,69.63Mbps,69.62999999999998Mbps,97.95Mbps,97.95Mbps,SysUnsurpC,SysUnsurpC
muril,2026-03-06 10:52:28,2026-03-06 10:52:28,27.8%,79.72%,56.7%,27.8%,1.33%,56.7%,69.63Mbps,69.62999999999998Mbps,97.95Mbps,97.95Mbps,SysUnsurpC,SysUnsurpC
muril,2026-03-06 10:52:28,2026-03-06 10:52:28,27.8%,79.72%,56.7%,27.8%,1.33%,56.7%,69.63Mbps,69.62999999999998Mbps,97.95Mbps,97.95Mbps,SysUnsurpC,SysUnsurpC
muril,2026-03-06 10:52:28,2026-03-06 10:52:28,27.8%,79.72%,56.7%,27.8%,1.33%,56.7%,69.63Mbps,69.62999999999998Mbps,97.95Mbps,97.95Mbps,SysUnsurpC,SysUnsurpC
muril,2026-03-06 10:52:28,2026-03-06 10:52:28,27.8%,79.72%,56.7%,27.8%,1.33%,56.7%,69.63Mbps,69.62999999999998Mbps,97.95Mbps,97.95Mbps,SysUnsurpC,SysUnsurpC
muril,2026-03-06 10:52:28,2026-03-06 10:52:28,27.8%,79.72%,56.7%,27.8%,1.33%,56.7%,69.63Mbps,69.62999999999998Mbps,97.95Mbps,97.95Mbps,SysUnsurpC,SysUnsurpC
muril,2026-03-06 10:52:28,2026-03-06 10:52:28,27.8%,79.72%,56.7%,27.8%,1.33%,56.7%,69.63Mbps,69.62999999999998Mbps,97.95Mbps,97.95Mbps,SysUnsurpC,SysUnsurpC
muril,2026-03-06 10:52:28,2026-03-06 10:52:38,92.5%,80.23%,56.7%,41.82%,1.33%,56.7%,69.84Mbps,69.6755Mbps,98.1Mbps,97.95325271059215Mbps,SysUnsurpC,SysUnsurpC
muril,2026-03-06 10:52:38,2026-03-06 10:52:38,92.5%,80.23%,56.7%,92.5%,1.34%,56.7%,69.84Mbps,69.84Mbps,98.1Mbps,97.96660348749052Mbps,SysUnsurpC,SysUnsurpC
muril,2026-03-06 10:52:38,2026-03-06 10:52:38,92.5%,80.23%,56.7%,92.5%,1.34%,56.7%,69.84Mbps,69.84Mbps,98.1Mbps,97.9777275886032Mbps,SysUnsurpC,SysUnsurpC
muril,2026-03-06 10:52:38,2026-03-06 10:52:38,92.5%,80.23%,56.7%,92.5%,1.34%,56.7%,69.84Mbps,69.84Mbps,98.1Mbps,97.98713919178962Mbps,SysUnsurpC,SysUnsurpC
muril,2026-03-06 10:52:38,2026-03-06 10:52:38,92.5%,80.23%,56.7%,92.5%,1.34%,56.7%,69.84Mbps,69.84Mbps,98.1Mbps,97.99520547945207Mbps,SysUnsurpC,SysUnsurpC
muril,2026-03-06 10:52:38,2026-03-06 10:52:38,92.5%,80.23%,56.7%,92.5%,1.34%,56.7%,69.84Mbps,69.84Mbps,98.1Mbps,98.00219566425793Mbps,SysUnsurpC,SysUnsurpC
muril,2026-03-06 10:52:38,2026-03-06 10:52:38,92.5%,80.23%,56.7%,92.5%,1.34%,56.7%,69.84Mbps,69.84Mbps,98.1Mbps,98.00831162063575Mbps,SysUnsurpC,SysUnsurpC
muril,2026-03-06 10:52:38,2026-03-06 10:52:38,92.5%,80.23%,56.7%,92.5%,1.34%,56.7%,69.84Mbps,69.84Mbps,98.1Mbps,98.01370769985287Mbps,SysUnsurpC,SysUnsurpC
muril,2026-03-06 10:54:59,2026-03-06 10:54:59,46.7%,82.41%,56.8%,46.7%,1.37%,56.8%,71.93Mbps,71.93Mbps,101.03Mbps,101.03Mbps,SysUnsurpC,SysUnsurpC
muril,2026-03-06 10:54:59,2026-03-06 10:54:59,46.7%,82.41%,56.8%,46.7%,1.37%,56.8%,71.93Mbps,71.93Mbps,101.03Mbps,101.03Mbps,SysUnsurpC,SysUnsurpC
muril,2026-03-06 10:54:59,2026-03-06 10:54:59,46.7%,82.41%,56.8%,46.7%,1.37%,56.8%,71.93Mbps,71.93Mbps,101.03Mbps,101.03Mbps,SysUnsurpC,SysUnsurpC
muril,2026-03-06 10:54:59,2026-03-06 10:54:59,46.7%,82.41%,56.8%,46.7%,1.37%,56.8%,71.93Mbps,71.93Mbps,101.03Mbps,101.03Mbps,SysUnsurpC,SysUnsurpC
muril,2026-03-06 10:54:59,2026-03-06 10:54:59,46.7%,82.41%,56.8%,46.7%,1.37%,56.8%,71.93Mbps,71.93Mbps,101.03Mbps,101.03Mbps,SysUnsurpC,SysUnsurpC
muril,2026-03-06 10:54:59,2026-03-06 10:54:59,46.7%,82.41%,56.8%,46.7%,1.37%,56.8%,71.93Mbps,71.93Mbps,101.03Mbps,101.03Mbps,SysUnsurpC,SysUnsurpC
muril,2026-03-06 10:54:59,2026-03-06 10:54:59,46.7%,82.41%,56.8%,46.7%,1.37%,56.8%,71.93Mbps,71.93Mbps,101.03Mbps,101.03Mbps,SysUnsurpC,SysUnsurpC
muril,2026-03-06 10:55:49,2026-03-06 10:55:49,57.5%,82.67%,56.8%,57.5%,1.38%,56.8%,72.72Mbps,72.72Mbps,0.04Mbps,0.04Mbps,SysUnsurpC,SysUnsurpC
muril,2026-03-06 10:55:49,2026-03-06 10:55:59,57.5%,84.21%,56.8%,50.54%,1.4%,56.8%,72.86Mbps,72.83Mbps,0.04Mbps,0.04Mbps,SysUnsurpC,SysUnsurpC
muril,2026-03-06 10:55:59,2026-03-06 10:55:59,48.8%,84.21%,56.8%,48.8%,1.4%,56.8%,72.86Mbps,72.86Mbps,0.04Mbps,0.03Mbps,SysUnsurpC,SysUnsurpC
muril,2026-03-06 10:55:59,2026-03-06 10:55:59,48.8%,84.21%,56.8%,48.8%,1.4%,56.8%,72.86Mbps,72.86Mbps,0.04Mbps,0.03Mbps,SysUnsurpC,SysUnsurpC
muril,2026-03-06 10:55:59,2026-03-06 10:55:59,48.8%,84.21%,56.8%,48.8%,1.4%,56.8%,72.86Mbps,72.86Mbps,0.04Mbps,0.03Mbps,SysUnsurpC,SysUnsurpC
muril,2026-03-06 10:55:59,2026-03-06 10:55:59,48.8%,84.21%,56.8%,48.8%,1.4%,56.8%,72.86Mbps,72.86Mbps,0.04Mbps,0.03Mbps,SysUnsurpC,SysUnsurpC
muril,2026-03-06 10:55:59,2026-03-06 10:55:59,48.8%,84.21%,56.8%,48.8%,1.4%,56.8%,72.86Mbps,72.86Mbps,0.04Mbps,0.03Mbps,SysUnsurpC,SysUnsurpC
muril,2026-03-06 10:55:59,2026-03-06 10:55:59,48.8%,84.21%,56.8%,48.8%,1.4%,56.8%,72.86Mbps,72.86Mbps,0.04Mbps,0.03Mbps,SysUnsurpC,SysUnsurpC
muril,2026-03-06 10:55:59,2026-03-06 10:55:59,48.8%,84.21%,56.8%,48.8%,1.4%,56.8%,72.86Mbps,72.86Mbps,0.04Mbps,0.03Mbps,SysUnsurpC,SysUnsurpC
muril,2026-03-06 10:55:59,2026-03-06 10:55:59,48.8%,84.21%,56.8%,48.8%,1.4%,56.8%,72.86Mbps,72.86Mbps,0.04Mbps,0.03Mbps,SysUnsurpC,SysUnsurpC
muril,2026-03-06 10:55:59,2026-03-06 10:55:59,48.8%,84.21%,56.8%,48.8%,1.4%,56.8%,72.86Mbps,72.86Mbps,0.04Mbps,0.03Mbps,SysUnsurpC,SysUnsurpC
muril,2026-03-06 10:55:59,2026-03-06 10:55:59,48.8%,84.21%,56.8%,48.8%,1.4%,56.8%,72.86Mbps,72.86Mbps,0.04Mbps,0.03Mbps,SysUnsurpC,SysUnsurpC
muril,2026-03-06 10:55:59,2026-03-06 10:55:59,48.8%,84.21%,56.8%,48.8%,1.4%,56.8%,72.86Mbps,72.86Mbps,0.04Mbps,0.03Mbps,SysUnsurpC,SysUnsurpC
muril,2026-03-06 10:55:59,2026-03-06 10:55:59,48.8%,84.21%,56.8%,48.8%,1.4%,56.8%,72.86Mbps,72.86Mbps,0.04Mbps,0.03Mbps,SysUnsurpC,SysUnsurpC
muril,2026-03-06 10:55:59,2026-03-06 10:55:59,48.8%,84.21%,56.8%,48.8%,1.4%,56.8%,72.86Mbps,72.86Mbps,0.04Mbps,0.03Mbps,SysUnsurpC,SysUnsurpC
muril,2026-03-06 10:55:59,2026-03-06 10:55:59,48.8%,84.21%,56.8%,48.8%,1.4%,56.8%,72.86Mbps,72.86Mbps,0.04Mbps,0.03Mbps,SysUnsurpC,SysUnsurpC
muril,2026-03-06 10:55:59,2026-03-06 10:55:59,48.8%,84.21%,56.8%,48.8%,1.4%,56.8%,72.86Mbps,72.86Mbps,0.04Mbps,0.03Mbps,SysUnsurpC,SysUnsurpC
muril,2026-03-06 10:55:59,2026-03-06 10:56:09,79.8%,84.6%,56.8%,53.97%,1.4%,56.8%,73.15Mbps,72.91Mbps,0.04Mbps,0.03Mbps,SysUnsurpC,SysUnsurpC
muril,2026-03-06 10:56:09,2026-03-06 10:56:09,79.8%,84.6%,56.8%,79.8%,1.41%,56.8%,73.15Mbps,73.15Mbps,0.04Mbps,0.03Mbps,SysUnsurpC,SysUnsurpC
muril,2026-03-06 10:56:09,2026-03-06 10:56:09,79.8%,84.6%,56.8%,79.8%,1.41%,56.8%,73.15Mbps,73.15Mbps,0.04Mbps,0.03Mbps,SysUnsurpC,SysUnsurpC
muril,2026-03-06 10:56:09,2026-03-06 10:56:09,79.8%,84.6%,56.8%,79.8%,1.41%,56.8%,73.15Mbps,73.15Mbps,0.04Mbps,0.03Mbps,SysUnsurpC,SysUnsurpC
muril,2026-03-06 10:56:09,2026-03-06 10:56:09,79.8%,84.6%,56.8%,79.8%,1.41%,56.8%,73.15Mbps,73.15Mbps,0.04Mbps,0.03Mbps,SysUnsurpC,SysUnsurpC
muril,2026-03-06 10:56:09,2026-03-06 10:56:09,79.8%,84.6%,56.8%,79.8%,1.41%,56.8%,73.15Mbps,73.15Mbps,0.04Mbps,0.03Mbps,SysUnsurpC,SysUnsurpC
muril,2026-03-06 10:56:09,2026-03-06 10:56:09,79.8%,84.6%,56.8%,79.8%,1.41%,56.8%,73.15Mbps,73.15Mbps,0.04Mbps,0.03Mbps,SysUnsurpC,SysUnsurpC
muril,2026-03-06 10:56:09,2026-03-06 10:56:09,79.8%,84.6%,56.8%,79.8%,1.41%,56.8%,73.15Mbps,73.15Mbps,0.04Mbps,0.03Mbps,SysUnsurpC,SysUnsurpC
muril,2026-03-06 10:56:09,2026-03-06 10:56:09,79.8%,84.6%,56.8%,79.8%,1.41%,56.8%,73.15Mbps,73.15Mbps,0.04Mbps,0.03Mbps,SysUnsurpC,SysUnsurpC
muril,2026-03-06 10:56:09,2026-03-06 10:56:09,79.8%,84.6%,56.8%,79.8%,1.41%,56.8%,73.15Mbps,73.15Mbps,0.04Mbps,0.03Mbps,SysUnsurpC,SysUnsurpC
muril,2026-03-06 10:56:09,2026-03-06 10:56:09,79.8%,84.6%,56.8%,79.8%,1.41%,56.8%,73.15Mbps,73.15Mbps,0.04Mbps,0.03Mbps,SysUnsurpC,SysUnsurpC
muril,2026-03-06 10:56:09,2026-03-06 10:56:09,79.8%,84.6%,56.8%,79.8%,1.41%,56.8%,73.15Mbps,73.15Mbps,0.04Mbps,0.03Mbps,SysUnsurpC,SysUnsurpC
muril,2026-03-06 10:56:09,2026-03-06 10:56:09,79.8%,84.6%,56.8%,79.8%,1.41%,56.8%,73.15Mbps,73.15Mbps,0.04Mbps,0.03Mbps,SysUnsurpC,SysUnsurpC
muril,2026-03-06 10:56:09,2026-03-06 10:56:09,79.8%,84.6%,56.8%,79.8%,1.41%,56.8%,73.15Mbps,73.15Mbps,0.04Mbps,0.03Mbps,SysUnsurpC,SysUnsurpC
muril,2026-03-06 10:56:09,2026-03-06 10:56:09,79.8%,84.6%,56.8%,79.8%,1.41%,56.8%,73.15Mbps,73.15Mbps,0.04Mbps,0.03Mbps,SysUnsurpC,SysUnsurpC
muril,2026-03-06 10:56:09,2026-03-06 10:56:19,79.8%,84.72%,56.8%,78.88%,1.41%,56.8%,73.41Mbps,73.25Mbps,0.04Mbps,0.03Mbps,SysUnsurpC,SysUnsurpC
muril,2026-03-06 10:56:19,2026-03-06 10:56:19,77.3%,84.72%,56.8%,77.3%,1.41%,56.8%,73.41Mbps,73.41Mbps,0.04Mbps,0.03Mbps,SysUnsurpC,SysUnsurpC
muril,2026-03-06 10:56:39,2026-03-06 10:56:39,43.8%,84.34%,56.8%,43.8%,1.41%,56.8%,73.7Mbps,73.7Mbps,103.19Mbps,103.19Mbps,SysUnsurpC,SysUnsurpC
muril,2026-03-06 10:56:39,2026-03-06 10:56:39,43.8%,84.34%,56.8%,43.8%,1.41%,56.8%,73.7Mbps,73.7Mbps,103.19Mbps,103.19Mbps,SysUnsurpC,SysUnsurpC
muril,2026-03-06 10:56:39,2026-03-06 10:56:39,43.8%,84.34%,56.8%,43.8%,1.41%,56.8%,73.7Mbps,73.7Mbps,103.19Mbps,103.19Mbps,SysUnsurpC,SysUnsurpC
muril,2026-03-06 10:56:39,2026-03-06 10:56:39,43.8%,84.34%,56.8%,43.8%,1.41%,56.8%,73.7Mbps,73.7Mbps,103.19Mbps,103.19Mbps,SysUnsurpC,SysUnsurpC
muril,2026-03-06 10:56:39,2026-03-06 10:56:39,43.8%,84.34%,56.8%,43.8%,1.41%,56.8%,73.7Mbps,73.7Mbps,103.19Mbps,103.19Mbps,SysUnsurpC,SysUnsurpC
muril,2026-03-06 10:56:39,2026-03-06 10:56:39,43.8%,84.34%,56.8%,43.8%,1.41%,56.8%,73.7Mbps,73.7Mbps,103.19Mbps,103.19Mbps,SysUnsurpC,SysUnsurpC
muril,2026-03-06 10:56:39,2026-03-06 10:56:39,43.8%,84.34%,56.8%,43.8%,1.41%,56.8%,73.7Mbps,73.7Mbps,103.19Mbps,103.19Mbps,SysUnsurpC,SysUnsurpC
muril,2026-03-06 10:56:39,2026-03-06 10:56:39,43.8%,84.34%,56.8%,43.8%,1.41%,56.8%,73.7Mbps,73.7Mbps,103.19Mbps,103.19Mbps,SysUnsurpC,SysUnsurpC
muril,2026-03-06 10:56:39,2026-03-06 10:56:39,43.8%,84.34%,56.8%,43.8%,1.41%,56.8%,73.7Mbps,73.7Mbps,103.19Mbps,103.19Mbps,SysUnsurpC,SysUnsurpC
muril,2026-03-06 10:56:39,2026-03-06 10:56:39,43.8%,84.34%,56.8%,43.8%,1.41%,56.8%,73.7Mbps,73.7Mbps,103.19Mbps,103.19Mbps,SysUnsurpC,SysUnsurpC
muril,2026-03-06 10:56:39,2026-03-06 10:56:39,43.8%,84.34%,56.8%,43.8%,1.41%,56.8%,73.7Mbps,73.7Mbps,103.19Mbps,103.19Mbps,SysUnsurpC,SysUnsurpC
muril,2026-03-06 10:56:39,2026-03-06 10:56:39,43.8%,84.34%,56.8%,43.8%,1.41%,56.8%,73.7Mbps,73.7Mbps,103.19Mbps,103.19Mbps,SysUnsurpC,SysUnsurpC
muril,2026-03-06 10:56:39,2026-03-06 10:56:39,43.8%,84.34%,56.8%,43.8%,1.41%,56.8%,73.7Mbps,73.7Mbps,103.19Mbps,103.19Mbps,SysUnsurpC,SysUnsurpC
muril,2026-03-06 10:56:39,2026-03-06 10:56:39,43.8%,84.34%,56.8%,43.8%,1.41%,56.8%,73.7Mbps,73.7Mbps,103.19Mbps,103.19Mbps,SysUnsurpC,SysUnsurpC
muril,2026-03-06 10:56:39,2026-03-06 10:56:39,43.8%,84.34%,56.8%,43.8%,1.41%,56.8%,73.7Mbps,73.7Mbps,103.19Mbps,103.19Mbps,SysUnsurpC,SysUnsurpC
muril,2026-03-06 10:56:39,2026-03-06 10:56:39,43.8%,84.34%,56.8%,43.8%,1.41%,56.8%,73.7Mbps,73.7Mbps,103.19Mbps,103.19Mbps,SysUnsurpC,SysUnsurpC
muril,2026-03-06 10:56:39,2026-03-06 10:56:39,43.8%,84.34%,56.8%,43.8%,1.41%,56.8%,73.7Mbps,73.7Mbps,103.19Mbps,103.19Mbps,SysUnsurpC,SysUnsurpC
muril,2026-03-06 10:56:39,2026-03-06 10:56:39,43.8%,84.34%,56.8%,43.8%,1.41%,56.8%,73.7Mbps,73.7Mbps,103.19Mbps,103.19Mbps,SysUnsurpC,SysUnsurpC
